web-punchboard-playing-by-the-rules	https://www.punchboard.co.uk/playing-by-the-rules/
web-zatu-qa-paul-grogan	https://www.board-game.co.uk/qa-with-paul-grogan-of-gaming-rules/
web-nerdlab-065-how-to-write-rulebook	https://nerdlab-games.com/065-how-to-write-a-board-game-rulebook/
web-gamecrafter-good-rulebook	https://news.thegamecrafter.com/post/635506514497601536/how-to-write-a-good-board-game-rulebook
web-braingames-player-aids-vs-rulebooks	https://brain-games.com/en-us/blogs/board-game-explorer/player-aids-vs-rulebooks-key-differences
web-bgdf-game-flow-charts	https://www.bgdf.com/forum/archive/archive-game-creation/game-design/game-flow-charts
web-diataxis	https://diataxis.fr/
web-rawstone-accessible-design	https://rawstone.net/2025/05/15/accessible-board-games-design-tips-for-inclusion/
web-caniplaythat-colorblind	https://caniplaythat.com/2020/01/29/color-blindness-accessibility-guide/
web-orderofgamers-robinson-crusoe	https://www.orderofgamers.com/games/robinson-crusoe/
web-naylor-producing-fun-grogan	https://naylorgames.com/blogs/blog/producing-fun-4-paul-grogan-rulebook-editor-content-creator
web-cardboardedison-featured	https://cardboardedison.com/blog/tag/featured
web-stonemaier-what-makes-great-rulebook	https://stonemaiergames.com/what-makes-a-great-rulebook/
web-herotime-academy-rulebook	https://herotime1.com/academy/design/how-to-write-a-rulebook-for-your-board-game/
